{
  "cajasordenadoras": {
    "created": 1760464180.390943,
    "last_used": 1771187663.3777487
  },
  "palishopping": {
    "created": 1760563351.0061045,
    "last_used": 1769356734.662392
  }
}